MASS,ACCEL
0.1,200
0.2,100
0.3,66.66666667
0.4,50
0.5,40
0.6,33.33333333
0.7,28.57142857
0.8,25
0.9,22.22222222
1,20
1.1,18.18181818
1.2,16.66666667
1.3,15.38461538
1.4,14.28571429
1.5,13.33333333
1.6,12.5
1.7,11.76470588
1.8,11.11111111
1.9,10.52631579
2,10